{"cameraMode":{"drawMode":0,"name":"Shaded","section":"Shading Mode"},"sceneLighting":true,"audioPlay":false,"sceneViewState":{"showFog":true,"showMaterialUpdate":false,"showSkybox":true,"showFlares":true,"showImageEffects":true,"showParticleSystems":true},"in2DMode":false,"pivot":{"x":-4.388606548309326,"y":9.239339828491211,"z":-8.68381404876709},"rotation":{"x":-0.4121527075767517,"y":0.004640218336135149,"z":-0.0021000667475163938,"w":-0.9111006259918213},"size":0.6287345290184021,"orthographic":false}