{"cameraMode":{"drawMode":0,"name":"Shaded","section":"Shading Mode"},"sceneLighting":true,"audioPlay":false,"sceneViewState":{"showFog":true,"showMaterialUpdate":false,"showSkybox":true,"showFlares":true,"showImageEffects":true,"showParticleSystems":true},"in2DMode":false,"pivot":{"x":1.4718832969665528,"y":2.112473487854004,"z":0.5690472722053528},"rotation":{"x":-0.22904305160045625,"y":0.6164101958274841,"z":-0.193939208984375,"w":-0.7279872298240662},"size":0.6287345290184021,"orthographic":false}