{"cameraMode":{"drawMode":0,"name":"Shaded","section":"Shading Mode"},"sceneLighting":false,"audioPlay":false,"sceneViewState":{"showFog":true,"showMaterialUpdate":false,"showSkybox":false,"showFlares":true,"showImageEffects":true,"showParticleSystems":true},"in2DMode":false,"pivot":{"x":-0.5777752995491028,"y":0.5728784203529358,"z":-0.00456567108631134},"rotation":{"x":-0.1739118993282318,"y":-0.5931314826011658,"z":0.13314488530158997,"w":-0.7747400999069214},"size":0.8083319067955017,"orthographic":false}